Goaltender,IceX,IceY,Save
Brown,49.19338459,25.08911302,No
Brown,59.84767155,47.98778841,Yes
Brown,66.5066009,29.0371605,Yes
Brown,41.86856231,27.85274626,Yes
Brown,41.86856231,50.59349613,No
Brown,10.57159437,59.67400533,Yes
Brown,53.1887422,21.77274953,Yes
Brown,29.54954301,20.98314003,Yes
Brown,30.54838242,69.14931928,Yes
Brown,49.85927753,24.14157801,Yes
Brown,46.52981285,56.1207626,Yes
Brown,46.19686639,16.56132806,Yes
Brown,35.54257943,40.24961294,No
Brown,27.88481068,67.49114055,Yes
Brown,17.23052372,63.54309307,Yes
Brown,39.20499057,16.16652331,Yes
Brown,48.52749166,17.58782281,Yes
Brown,67.5054403,57.85790711,Yes
Brown,65.17481503,24.29950353,Yes
Brown,31.88016829,34.56442698,No
Brown,79.8244596,42.46052193,Yes
Brown,13.90105905,43.25013143,Yes
Brown,47.52865226,54.30466437,Yes
Brown,68.5042797,64.56958782,Yes
Brown,35.8755259,19.1670418,Yes
Brown,35.20963296,14.82418958,Yes
Brown,26.22007834,63.38517358,Yes
Brown,12.56927318,61.01634509,Yes
Brown,11.57043377,60.62154034,Yes
Brown,12.23632671,50.75142164,Yes
Brown,63.51008269,71.67607329,Yes
Brown,8.906862034,70.49165904,Yes
Brown,35.8755259,28.64235576,Yes
Brown,30.54838242,42.85532668,Yes
Brown,26.88597128,74.83451127,Yes
Brown,56.85115334,68.91244005,Yes
Brown,64.17597563,72.86048753,Yes
Brown,10.2386479,70.09685429,Yes
Brown,60.84651095,69.70204955,Yes
Brown,38.53909764,22.48339928,No
Brown,41.86856231,86.0469637,Yes
Brown,83.48687074,46.17168416,Yes
Brown,62.17829682,64.33270256,Yes
Brown,82.15508487,79.33528299,Yes
Brown,31.21427535,56.83141235,Yes
Brown,59.51472508,66.70153105,Yes
Brown,10.90454084,74.20282126,Yes
Brown,20.89293486,41.43402718,Yes
Brown,27.55186421,37.4859797,Yes
Brown,41.86856231,85.65215895,Yes
Brown,45.86391992,22.87820403,Yes
Brown,27.88481068,78.54567349,Yes
Brown,31.21427535,58.0158266,Yes
Brown,46.52981285,24.85222777,Yes
Brown,63.17713623,24.85222777,Yes
Brown,67.17249383,-21.33992775,Yes
Brown,47.86159872,24.69430828,No
Brown,35.54257943,65.35919732,Yes
Brown,29.21659655,16.79821332,Yes
Brown,22.5576672,44.03974093,Yes
Brown,37.54025823,25.48391777,Yes
Brown,74.16436965,31.80079374,Yes
Brown,36.54141883,38.11766971,Yes
Brown,49.19338459,30.22157475,Yes
Brown,70.16901204,68.5176353,Yes
Brown,46.86275932,53.12025013,Yes
Brown,45.86391992,21.53587029,No
Brown,42.53445524,26.03664201,Yes
Brown,35.8755259,18.93015655,Yes
Brown,73.83142318,42.61844142,Yes
Brown,61.84535036,67.0963358,Yes
Brown,78.49267373,59.98985034,Yes
Brown,31.21427535,59.20024084,Yes
Brown,64.17597563,65.12231206,Yes
Brown,57.51704628,50.11973164,Yes
Brown,45.19802698,67.0963358,Yes
Brown,46.86275932,22.48339928,Yes
Brown,80.823299,67.49114055,Yes
Brown,35.20963296,63.14828832,Yes
Brown,5.910343827,37.4859797,Yes
Brown,15.23284492,41.82883193,Yes
Brown,70.83490498,26.82625151,Yes
Brown,10.57159437,24.85222777,Yes
Brown,38.20615117,18.14054705,Yes
Brown,62.17829682,50.11973164,Yes
Brown,20.89293486,41.82883193,No
Brown,59.18177862,29.0371605,Yes
Brown,39.20499057,39.30208395,Yes
Brown,54.85347454,15.21899432,Yes
Brown,20.89293486,71.67607329,Yes
Brown,28.21775714,38.11766971,Yes
Brown,80.49035253,51.93583589,Yes
Brown,5.244450892,59.4371261,Yes
Brown,2.91382562,31.01118424,Yes
Brown,46.19686639,22.72028454,No
Brown,79.8244596,50.35661689,Yes
Brown,25.55418541,69.85996903,Yes
Brown,40.20382997,26.82625151,Yes
Brown,26.55302481,65.91192156,Yes
Brown,48.52749166,40.64441768,Yes
Brown,37.54025823,16.95613281,Yes
Brown,6.909183229,28.4054705,Yes
Brown,21.22588133,41.82883193,Yes
Brown,26.22007834,40.64441768,Yes
Brown,37.54025823,35.51195596,Yes
Brown,22.89061367,63.54309307,Yes
Brown,39.87088351,56.83141235,No
Brown,67.5054403,29.58988474,Yes
Brown,20.55998839,19.1670418,Yes
Brown,45.86391992,83.91502047,Yes
Brown,27.88481068,46.40856941,Yes
Brown,81.48919193,52.72544538,Yes
Brown,77.82678079,57.85790711,Yes
Brown,74.16436965,59.83193085,Yes
Brown,27.21891774,36.93325546,Yes
Brown,60.18061802,32.59040324,Yes
Brown,38.20615117,24.69430828,Yes
Brown,75.16320905,67.33322106,Yes
Brown,36.20847236,84.86254946,Yes
Brown,61.84535036,40.24961294,Yes
Brown,27.55186421,44.98726991,Yes
Brown,22.89061367,23.66781352,Yes
Brown,21.5588278,44.19766042,No
Brown,74.49731612,26.03664201,Yes
Brown,47.52865226,73.41321177,Yes
Brown,44.86508052,25.08911302,No
Brown,42.20150878,32.59040324,Yes
Brown,55.85231394,22.72028454,Yes
Brown,79.49151313,54.30466437,Yes
Brown,43.86624111,27.45794151,Yes
Brown,39.53793704,48.7773979,Yes
Brown,5.57739736,70.09685429,Yes
Brown,2.91382562,55.09427387,Yes
Brown,79.15856666,70.49165904,Yes
Brown,80.15740606,37.72286496,Yes
Brown,48.19454519,67.33322106,Yes
Brown,48.52749166,16.79821332,Yes
Brown,50.192224,12.21847583,Yes
Brown,26.55302481,67.49114055,Yes
Brown,76.49499492,82.49372097,Yes
Brown,29.88248948,51.69895063,Yes
Brown,38.20615117,18.14054705,Yes
Brown,38.20615117,18.14054705,Yes
Brown,38.53909764,27.615861,Yes
Brown,41.20266937,39.85480819,Yes
Brown,44.19918758,62.75348357,Yes
Brown,47.19570579,34.95923172,Yes
Brown,42.53445524,60.62154034,Yes
Brown,40.53677644,71.67607329,Yes
Brown,28.55070361,29.43196525,Yes
Brown,37.8732047,22.32547979,Yes
Brown,41.86856231,25.48391777,Yes
Brown,10.57159437,59.83193085,Yes
Brown,43.86624111,37.72286496,Yes
Brown,44.53213405,27.06313676,Yes
Brown,46.86275932,24.29950353,Yes
Brown,78.15972726,37.72286496,Yes
Brown,42.86740171,64.96439257,Yes
Brown,51.1910634,71.67607329,Yes
Brown,65.84070796,49.17220265,Yes
Brown,48.86043813,17.98262756,No
Brown,50.85811693,31.01118424,Yes
Brown,60.18061802,22.72028454,Yes
Brown,23.22356013,76.80853501,Yes
Brown,18.56230959,76.41373026,Yes
Brown,6.243290295,41.67091244,Yes
Brown,10.57159437,73.01840702,Yes
Brown,73.16553025,64.72750731,Yes
Brown,47.52865226,23.27300877,Yes
Brown,8.240969099,67.49114055,Yes
Brown,40.20382997,25.64183726,Yes
Brown,43.86624111,84.86254946,Yes
Brown,79.8244596,42.61844142,Yes
Brown,49.19338459,63.93789782,Yes
Brown,71.50079791,62.35867882,Yes
Brown,68.17133324,49.72492689,Yes
Brown,38.20615117,51.69895063,Yes
Brown,32.21311475,56.83141235,Yes
Brown,77.49383432,23.27300877,Yes
Brown,38.20615117,49.33012214,Yes
Brown,15.56579138,44.98726991,Yes
Brown,50.85811693,29.98468949,Yes
Brown,42.20150878,25.64183726,Yes
Brown,5.244450892,58.41063134,Yes
Brown,60.18061802,38.2755892,Yes
Brown,61.17945742,45.77687941,Yes
Brown,31.54722182,39.06519869,Yes
Brown,42.86740171,24.85222777,Yes
Brown,33.21195416,59.59504559,Yes
Brown,30.54838242,60.38465508,Yes
Brown,75.16320905,59.59504559,Yes
Brown,52.85579573,40.24961294,Yes
Brown,76.82794139,58.80543609,Yes
Brown,80.49035253,47.75090315,Yes
Brown,28.88365008,35.90676071,Yes
Brown,28.88365008,35.90676071,Yes
Brown,78.49267373,66.3067263,Yes
Brown,34.87668649,26.03664201,Yes
Brown,44.19918758,82.49372097,Yes
Brown,43.20034818,26.82625151,Yes
Brown,41.53561584,61.17426458,Yes
Brown,28.55070361,28.4054705,Yes
Brown,13.90105905,22.08859453,Yes
Brown,34.54374003,40.64441768,Yes
Brown,67.5054403,66.3067263,Yes
Brown,54.85347454,38.2755892,Yes
Brown,28.88365008,18.5353518,Yes
Brown,24.555346,62.75348357,Yes
Brown,45.53097345,24.85222777,Yes
Brown,40.20382997,18.93015655,Yes
Brown,69.83606557,58.0158266,Yes
Brown,37.54025823,60.38465508,Yes
Brown,27.88481068,52.09375538,Yes
Brown,45.53097345,24.06261827,Yes
Brown,70.83490498,61.56906933,Yes
Brown,67.17249383,58.41063134,Yes
Brown,43.86624111,22.87820403,Yes
Brown,19.89409546,69.07035954,Yes
Brown,42.20150878,52.88336487,Yes
Brown,59.51472508,41.03922243,Yes
Brown,19.89409546,83.28333047,Yes
Brown,30.88132888,27.22105625,Yes
Brown,29.88248948,22.08859453,Yes
Brown,76.16204846,38.2755892,Yes
Brown,38.8720441,22.08859453,Yes
Brown,46.86275932,19.71976604,Yes
Brown,43.20034818,29.19507999,Yes
Brown,42.53445524,22.87820403,Yes
Brown,60.84651095,54.85738861,No
Brown,38.8720441,22.48339928,Yes
Brown,42.53445524,63.54309307,Yes
Brown,52.52284927,46.96129365,Yes
Brown,50.192224,35.51195596,Yes
Brown,33.87784709,45.77687941,Yes
Smith,50.85811693,28.4054705,Yes
Smith,1.914986218,36.30156546,Yes
Smith,21.89177426,59.59504559,Yes
Smith,22.22472073,43.40805092,Yes
Smith,32.21311475,57.62102185,Yes
Smith,46.86275932,24.85222777,Yes
Smith,41.20266937,24.45742302,Yes
Smith,10.2386479,69.46516429,Yes
Smith,79.8244596,20.11457079,Yes
Smith,63.17713623,54.46258386,Yes
Smith,79.15856666,74.59762601,Yes
Smith,27.88481068,3.532771375,Yes
Smith,80.823299,52.88336487,Yes
Smith,78.82562019,29.58988474,Yes
Smith,72.16669085,41.43402718,Yes
Smith,39.87088351,70.25477378,Yes
Smith,65.5077615,43.40805092,No
Smith,43.86624111,47.75090315,Yes
Smith,30.21543595,64.72750731,Yes
Smith,47.52865226,61.56906933,Yes
Smith,16.23168432,26.82625151,Yes
Smith,34.87668649,60.77945983,Yes
Smith,16.89757725,64.72750731,Yes
Smith,29.21659655,74.99243076,Yes
Smith,39.20499057,16.16652331,No
Smith,42.86740171,26.82625151,Yes
Smith,40.86972291,16.95613281,Yes
Smith,25.88713187,67.49114055,No
Smith,38.53909764,17.35093755,Yes
Smith,32.21311475,18.93015655,No
Smith,7.908022632,38.67039394,Yes
Smith,69.83606557,41.82883193,Yes
Smith,45.53097345,34.32754172,Yes
Smith,77.16088786,30.77429899,Yes
Smith,30.54838242,61.17426458,Yes
Smith,37.54025823,63.14828832,Yes
Smith,79.49151313,71.04438328,Yes
Smith,30.54838242,57.2262171,Yes
Smith,2.580879153,74.20282126,Yes
Smith,79.15856666,48.1457079,Yes
Smith,67.5054403,33.93273697,Yes
Smith,34.54374003,31.16910373,Yes
Smith,38.53909764,21.29898503,Yes
Smith,37.20731177,18.5353518,Yes
Smith,29.88248948,57.62102185,No
Smith,27.88481068,61.17426458,Yes
Smith,52.52284927,86.44176845,Yes
Smith,28.88365008,59.20024084,Yes
Smith,25.88713187,53.27816962,Yes
Smith,38.8720441,28.80027525,Yes
Smith,28.55070361,22.48339928,Yes
Smith,39.87088351,24.45742302,Yes
Smith,43.53329465,37.4859797,No
Smith,37.8732047,17.35093755,Yes
Smith,33.54490062,59.59504559,Yes
Smith,59.51472508,51.30414588,Yes
Smith,61.51240389,52.88336487,Yes
Smith,44.53213405,47.3560984,Yes
Smith,17.23052372,63.54309307,Yes
Smith,58.51588568,27.615861,Yes
Smith,65.84070796,39.85480819,Yes
Smith,46.86275932,22.08859453,No
Smith,35.8755259,58.0158266,No
Smith,35.20963296,24.06261827,No
Smith,55.51936747,32.74832272,Yes
Smith,11.57043377,34.32754172,Yes
Brown,44.19918758,23.27300877,Yes
Brown,47.86159872,57.62102185,Yes
Brown,38.20615117,65.91192156,Yes
Brown,45.86391992,38.2755892,Yes
Brown,54.1875816,73.80801651,No
Brown,40.20382997,60.38465508,Yes
Brown,67.83838677,37.88078445,Yes
Brown,34.54374003,34.32754172,Yes
Brown,34.54374003,34.32754172,Yes
Brown,40.20382997,24.45742302,Yes
Brown,31.54722182,65.12231206,Yes
Brown,47.86159872,41.43402718,Yes
Brown,41.53561584,35.90676071,Yes
Brown,42.53445524,55.64699811,Yes
Brown,60.18061802,72.62360227,Yes
Brown,60.18061802,72.62360227,Yes
Brown,41.53561584,28.80027525,Yes
Brown,51.52400987,28.01066575,Yes
Brown,24.22239954,59.20024084,Yes
Brown,15.56579138,44.98726991,Yes
Brown,58.51588568,53.27816962,Yes
Brown,34.54374003,50.90934113,Yes
Brown,41.53561584,50.90934113,Yes
Brown,34.87668649,35.11715121,Yes
Brown,57.84999275,39.06519869,Yes
Brown,22.5576672,65.12231206,Yes
Brown,80.823299,65.12231206,No
Brown,52.52284927,36.30156546,Yes
Brown,7.242129697,70.25477378,Yes
Brown,49.85927753,64.33270256,Yes
Brown,51.1910634,34.72234646,Yes
Brown,56.18526041,35.51195596,No
Brown,59.51472508,48.54051264,Yes
Brown,54.52052807,27.615861,Yes
Brown,40.86972291,35.11715121,No
Brown,59.84767155,39.06519869,Yes
Brown,42.53445524,37.88078445,Yes
Brown,42.53445524,37.88078445,Yes
Brown,38.8720441,30.37949424,Yes
Brown,16.56463078,41.82883193,Yes
Brown,34.54374003,22.08859453,Yes
Brown,52.52284927,23.27300877,Yes
Brown,21.22588133,50.11973164,Yes
Brown,68.5042797,26.03664201,No
Brown,50.85811693,28.01066575,Yes
Brown,54.85347454,56.4366076,Yes
Brown,58.18293921,33.53793222,Yes
Brown,49.52633106,20.11457079,Yes
Brown,31.54722182,50.11973164,Yes
Brown,26.88597128,41.43402718,No
Brown,40.86972291,72.62360227,Yes
Brown,43.53329465,30.77429899,Yes
Brown,40.20382997,39.06519869,Yes
Brown,43.86624111,27.615861,Yes
Brown,19.56114899,46.17168416,Yes
Brown,21.5588278,78.15086874,Yes
Brown,49.52633106,23.27300877,Yes
Brown,19.56114899,45.38207466,Yes
Brown,41.86856231,75.78204025,Yes
Brown,33.87784709,30.37949424,Yes
Brown,69.83606557,48.93531739,Yes
Brown,32.87900769,14.98210907,Yes
Brown,63.84302916,39.85480819,Yes
Brown,15.89873785,43.01324617,Yes
Brown,61.84535036,67.0963358,Yes
Brown,41.20266937,53.67297437,Yes
Brown,31.21427535,37.88078445,Yes
Brown,31.21427535,53.67297437,Yes
Brown,47.19570579,16.56132806,Yes
Brown,34.87668649,53.67297437,Yes
Brown,21.89177426,68.28075004,Yes
Brown,49.19338459,30.37949424,Yes
Brown,57.51704628,39.46000344,Yes
Brown,27.21891774,50.90934113,Yes
Brown,29.21659655,66.70153105,No
Jones,71.50079791,48.1457079,Yes
Jones,40.53677644,19.71976604,Yes
Jones,69.83606557,22.08859453,Yes
Jones,14.23400551,52.88336487,Yes
Jones,74.49731612,14.58730432,Yes
Jones,39.87088351,49.72492689,Yes
Jones,7.908022632,71.04438328,Yes
Jones,41.20266937,25.64183726,No
Jones,8.906862034,68.67555479,Yes
Jones,75.82910199,35.11715121,Yes
Jones,45.86391992,46.5664889,Yes
Jones,8.573915567,46.17168416,Yes
Jones,28.55070361,83.67813521,Yes
Jones,39.20499057,17.7457423,Yes
Jones,30.54838242,73.80801651,Yes
Jones,80.15740606,62.75348357,Yes
Jones,43.86624111,25.24703251,Yes
Jones,77.82678079,71.04438328,Yes
Jones,2.580879153,48.93531739,Yes
Jones,52.52284927,22.48339928,Yes
Jones,40.86972291,58.0158266,Yes
Jones,23.88945307,53.67297437,Yes
Brown,73.49847672,33.53793222,Yes
Brown,56.85115334,33.53793222,Yes
Brown,56.85115334,33.53793222,Yes
Brown,39.20499057,24.85222777,Yes
Brown,57.18409981,42.61844142,Yes
Brown,39.87088351,22.87820403,Yes
Brown,25.55418541,52.48856012,Yes
Brown,39.87088351,63.54309307,Yes
Brown,50.85811693,65.51711681,Yes
Brown,41.53561584,50.90934113,Yes
Brown,41.53561584,50.90934113,Yes
Brown,37.8732047,25.64183726,Yes
Brown,63.17713623,39.85480819,Yes
Brown,63.17713623,39.85480819,Yes
Brown,29.88248948,39.46000344,Yes
Brown,21.22588133,48.54051264,Yes
Brown,52.52284927,50.51453638,Yes
Brown,52.52284927,50.51453638,Yes
Brown,52.52284927,50.51453638,No
Brown,52.52284927,50.51453638,No
Brown,72.16669085,29.58988474,Yes
Brown,26.55302481,35.90676071,Yes
Brown,13.56811258,62.75348357,Yes
Brown,25.88713187,43.40805092,Yes
Smith,22.22472073,51.69895063,Yes
Smith,6.909183229,57.62102185,Yes
Smith,22.89061367,63.14828832,Yes
Smith,53.85463514,56.83141235,Yes
Smith,20.89293486,67.8859453,Yes
Smith,13.23516611,83.67813521,Yes
Smith,78.82562019,59.59504559,Yes
Smith,79.49151313,40.24961294,Yes
Smith,64.84186856,63.54309307,Yes
Smith,55.85231394,66.3067263,Yes
Smith,62.84418976,39.06519869,Yes
Smith,28.55070361,70.64957853,Yes
Smith,67.17249383,40.64441768,Yes
Smith,29.54954301,41.43402718,Yes
Smith,36.54141883,38.2755892,No
Smith,45.53097345,24.45742302,Yes
Smith,49.19338459,20.90418029,Yes
Smith,80.823299,42.22363668,Yes
Smith,45.19802698,24.45742302,No
Smith,23.22356013,37.09117495,Yes
Smith,23.22356013,37.09117495,Yes
Smith,34.54374003,22.87820403,No
Smith,21.5588278,65.51711681,Yes
Smith,70.16901204,69.07035954,Yes
Smith,61.17945742,62.75348357,Yes
Smith,4.578557957,42.22363668,Yes
Smith,15.23284492,22.48339928,Yes
Smith,20.55998839,67.0963358,Yes
Smith,29.88248948,54.85738861,Yes
Smith,7.575076164,58.0158266,Yes
Smith,3.579718555,69.85996903,Yes
Smith,60.18061802,85.25735421,Yes
Smith,65.5077615,48.54051264,Yes
Smith,64.17597563,41.82883193,Yes
Smith,25.88713187,63.93789782,Yes
Smith,2.580879153,21.69378978,Yes
Smith,8.573915567,22.48339928,Yes
Smith,36.54141883,18.14054705,Yes
Smith,11.90338024,32.74832272,Yes
Smith,37.8732047,23.27300877,Yes
Smith,77.16088786,67.49114055,Yes
Smith,41.20266937,74.99243076,Yes
Smith,41.86856231,25.24703251,Yes
Smith,4.578557957,47.3560984,Yes
Smith,36.20847236,22.48339928,Yes
Smith,35.54257943,68.28075004,Yes
Smith,10.90454084,53.67297437,No
Smith,63.84302916,19.71976604,Yes
Smith,55.85231394,67.49114055,Yes
Smith,12.23632671,55.25219336,Yes
Smith,78.15972726,59.98985034,Yes
Smith,43.53329465,50.90934113,Yes
Smith,34.21079356,68.28075004,Yes
Smith,75.49615552,63.14828832,Yes
Smith,15.23284492,35.11715121,Yes
Smith,3.246772088,51.69895063,Yes
Smith,81.15624547,58.80543609,Yes
Smith,73.49847672,25.64183726,Yes
Smith,61.17945742,74.20282126,Yes
Smith,65.5077615,7.086014106,Yes
Smith,49.52633106,26.43144676,Yes
Smith,49.85927753,40.64441768,Yes
Smith,32.21311475,61.17426458,Yes
Smith,61.84535036,62.75348357,Yes
Smith,72.83258378,44.19766042,Yes
Smith,20.55998839,39.46000344,Yes
Smith,17.89641665,25.64183726,Yes
Smith,5.57739736,51.30414588,Yes
Smith,51.52400987,22.87820403,Yes
Smith,63.51008269,38.2755892,Yes
Smith,34.54374003,66.3067263,Yes
Smith,72.83258378,49.33012214,Yes
Smith,65.5077615,49.72492689,Yes
Smith,44.19918758,31.56390848,Yes
Smith,51.1910634,65.51711681,Yes
Smith,46.19686639,24.45742302,Yes
Smith,24.22239954,16.16652331,Yes
Smith,39.20499057,69.46516429,Yes
Smith,50.85811693,16.16652331,Yes
Smith,14.89989845,30.37949424,Yes
Smith,40.53677644,50.90934113,Yes
Smith,19.56114899,34.72234646,Yes
Smith,37.8732047,23.27300877,Yes
Smith,58.84883215,21.29898503,Yes
Smith,69.83606557,41.03922243,Yes
Smith,79.15856666,79.33528299,Yes
Smith,2.91382562,33.14312747,Yes
Smith,79.8244596,37.09117495,Yes
Smith,24.22239954,60.77945983,Yes
Smith,63.84302916,41.82883193,Yes
Smith,75.49615552,61.56906933,Yes
Smith,21.5588278,37.88078445,Yes
Smith,62.51124329,71.04438328,Yes
Smith,79.8244596,34.32754172,Yes
Smith,74.83026259,63.93789782,Yes
Smith,44.53213405,65.51711681,Yes
Smith,26.88597128,60.77945983,Yes
Smith,4.24561149,53.27816962,Yes
Smith,60.18061802,65.51711681,Yes
Smith,46.86275932,24.85222777,Yes
Smith,7.575076164,67.8859453,Yes
Smith,39.87088351,26.43144676,No
Smith,2.91382562,50.90934113,Yes
Smith,70.50195851,52.88336487,Yes
Smith,19.89409546,42.22363668,Yes
Smith,23.88945307,29.98468949,Yes
Smith,14.89989845,63.54309307,Yes
Smith,71.83374438,52.48856012,Yes
Smith,78.82562019,21.29898503,Yes
Smith,58.51588568,65.91192156,Yes
Smith,44.53213405,24.06261827,Yes
Smith,21.22588133,22.08859453,Yes
Smith,80.15740606,44.98726991,Yes
Smith,45.19802698,34.72234646,Yes
Smith,73.83142318,61.56906933,Yes
Smith,71.83374438,61.96387408,Yes
Smith,4.911504425,31.95871323,Yes
Smith,64.17597563,42.22363668,Yes
Smith,22.89061367,39.46000344,Yes
Smith,14.23400551,63.14828832,Yes
Smith,54.85347454,43.01324617,Yes
Smith,30.88132888,37.09117495,Yes
Smith,46.86275932,24.45742302,Yes
Smith,26.55302481,40.64441768,Yes
Smith,32.54606122,65.51711681,No
Smith,51.52400987,15.77171856,No
Jones,12.90221964,46.17168416,Yes
Jones,35.54257943,26.82625151,Yes
Jones,37.54025823,18.5353518,Yes
Jones,2.247932685,55.64699811,Yes
Jones,49.52633106,20.90418029,Yes
Jones,71.50079791,53.67297437,Yes
Jones,9.239808501,46.17168416,Yes
Jones,37.8732047,58.41063134,Yes
Jones,29.54954301,61.17426458,Yes
Jones,41.20266937,86.44176845,Yes
Jones,78.15972726,36.30156546,Yes
Jones,45.86391992,51.30414588,Yes
Jones,36.8743653,35.90676071,No
Jones,41.53561584,85.65215895,Yes
Jones,38.20615117,24.06261827,Yes
Jones,49.52633106,27.22105625,Yes
Jones,39.53793704,25.24703251,No
Jones,46.52981285,30.37949424,No
Jones,47.19570579,18.14054705,Yes
Jones,25.22123894,13.79769482,Yes
Jones,7.908022632,58.41063134,Yes
Jones,75.82910199,63.93789782,Yes
Jones,44.19918758,24.06261827,Yes
Jones,37.8732047,24.06261827,No
Jones,11.90338024,35.11715121,Yes
Jones,32.21311475,83.67813521,Yes
Jones,30.88132888,85.65215895,Yes
Jones,41.53561584,28.4054705,Yes
Jones,5.57739736,22.48339928,Yes
Jones,8.240969099,71.43918803,Yes
Jones,52.1899028,62.35867882,Yes
Jones,9.905701436,69.07035954,Yes
Jones,32.87900769,28.01066575,Yes
Jones,39.53793704,24.45742302,Yes
Jones,47.52865226,29.58988474,Yes
Jones,59.84767155,18.5353518,Yes
Jones,55.85231394,62.35867882,Yes
Jones,9.905701436,65.12231206,Yes
Jones,37.20731177,55.64699811,Yes
Jones,68.17133324,69.46516429,Yes
Jones,9.239808501,68.67555479,Yes
Jones,44.86508052,24.45742302,Yes
Jones,7.908022632,58.80543609,Yes
Jones,4.911504425,58.41063134,Yes
Jones,41.20266937,26.82625151,No
Jones,3.246772088,28.4054705,Yes
Jones,40.86972291,27.615861,Yes
Jones,16.56463078,74.20282126,Yes
Jones,78.15972726,59.59504559,Yes
Jones,25.88713187,69.85996903,Yes
Jones,39.87088351,31.16910373,Yes
Jones,73.49847672,19.32496129,Yes
Jones,78.49267373,54.46258386,Yes
Jones,39.87088351,34.32754172,No
Jones,12.23632671,45.77687941,Yes
Jones,30.88132888,25.64183726,Yes
Jones,26.22007834,37.88078445,Yes
Jones,34.21079356,86.0469637,Yes
Jones,81.15624547,37.4859797,Yes
Jones,9.905701436,33.53793222,Yes
Jones,35.8755259,59.20024084,Yes
Jones,33.54490062,37.09117495,Yes
Jones,18.56230959,54.06777912,Yes
Jones,45.53097345,86.44176845,Yes
Jones,10.2386479,25.64183726,Yes
Jones,77.49383432,56.83141235,Yes
Jones,14.89989845,55.25219336,Yes
Jones,36.54141883,60.38465508,Yes
Jones,17.23052372,22.08859453,Yes
Jones,5.910343827,69.46516429,Yes
Jones,4.911504425,46.5664889,Yes
Jones,11.57043377,70.25477378,Yes
Jones,17.89641665,86.0469637,Yes
Jones,40.53677644,29.58988474,Yes
Brown,52.1899028,43.01324617,Yes
Brown,38.53909764,71.83399277,Yes
Brown,61.17945742,57.62102185,Yes
Brown,50.192224,66.3067263,Yes
Brown,39.20499057,24.85222777,Yes
Brown,45.19802698,28.4054705,Yes
Brown,39.20499057,57.2262171,Yes
Brown,49.85927753,69.07035954,Yes
Brown,42.53445524,59.20024084,Yes
Brown,47.19570579,25.64183726,Yes
Brown,39.20499057,24.85222777,Yes
Brown,26.55302481,44.59246516,Yes
Brown,48.19454519,28.4054705,Yes
Brown,64.84186856,48.54051264,Yes
Brown,40.20382997,30.77429899,Yes
Brown,27.21891774,45.38207466,Yes
Brown,37.8732047,69.07035954,Yes
Brown,51.1910634,40.64441768,Yes
Brown,46.19686639,22.87820403,No
Jones,5.57739736,67.0963358,Yes
Jones,11.23748731,61.96387408,Yes
Jones,75.49615552,22.08859453,Yes
Jones,46.52981285,25.64183726,Yes
Jones,37.20731177,51.69895063,Yes
Jones,14.56695198,54.06777912,Yes
Jones,40.53677644,25.64183726,Yes
Jones,42.86740171,26.82625151,Yes
Jones,5.244450892,53.27816962,Yes
Jones,39.87088351,45.77687941,Yes
Jones,7.908022632,59.59504559,Yes
Jones,10.90454084,69.46516429,Yes
Jones,50.52517046,18.5353518,Yes
Jones,31.54722182,74.20282126,Yes
Jones,49.19338459,61.17426458,Yes
Jones,47.86159872,65.12231206,Yes
Jones,15.23284492,35.90676071,Yes
Jones,68.83722617,50.11973164,Yes
Jones,39.53793704,25.24703251,Yes
Jones,39.53793704,24.45742302,No
Jones,23.5565066,20.50937554,Yes
Jones,27.88481068,18.93015655,Yes
Jones,21.89177426,57.62102185,Yes
Jones,29.54954301,24.85222777,Yes
Jones,39.53793704,50.11973164,Yes
Jones,31.88016829,26.43144676,Yes
Jones,33.87784709,21.29898503,Yes
Jones,36.54141883,50.51453638,Yes
Jones,4.578557957,56.83141235,Yes
Jones,43.86624111,29.19507999,Yes
Jones,58.18293921,67.8859453,Yes
Jones,46.52981285,56.04180286,Yes
Jones,11.57043377,20.90418029,Yes
Jones,41.86856231,27.22105625,Yes
Jones,49.19338459,29.19507999,Yes
Jones,49.19338459,66.3067263,Yes
Jones,29.88248948,21.69378978,Yes
Jones,59.84767155,18.93015655,Yes
Jones,43.86624111,39.85480819,Yes
Jones,44.53213405,26.03664201,Yes
Jones,47.52865226,18.5353518,Yes
Jones,12.56927318,74.20282126,Yes
Brown,50.85811693,30.37949424,Yes
Brown,27.88481068,42.61844142,Yes
Brown,48.86043813,33.53793222,Yes
Brown,52.52284927,28.01066575,Yes
Brown,31.54722182,29.19507999,Yes
Brown,21.89177426,40.24961294,Yes
Brown,32.87900769,28.4054705,Yes
Brown,46.86275932,41.03922243,Yes
Brown,44.53213405,18.93015655,No
Brown,4.911504425,38.2755892,Yes
Brown,39.53793704,46.96129365,Yes
Brown,42.53445524,43.01324617,Yes
Brown,31.54722182,29.58988474,Yes
Brown,42.53445524,44.19766042,Yes
Brown,41.86856231,39.85480819,Yes
Brown,29.21659655,37.4859797,Yes
Brown,36.54141883,20.50937554,Yes
Brown,27.21891774,54.06777912,Yes
Brown,43.53329465,41.82883193,Yes
Brown,37.8732047,23.27300877,Yes
Brown,38.20615117,58.41063134,Yes
Brown,49.85927753,27.615861,Yes
Brown,36.54141883,58.80543609,Yes
Brown,35.20963296,48.93531739,Yes
Brown,50.85811693,36.6963702,Yes
Brown,37.20731177,26.43144676,Yes
Brown,50.192224,28.01066575,Yes
Brown,36.54141883,59.98985034,Yes
Brown,28.88365008,43.80285567,Yes
Brown,69.17017264,69.07035954,Yes
Brown,41.53561584,33.93273697,Yes
Brown,40.53677644,26.43144676,No
Jones,17.23052372,63.93789782,Yes
Jones,33.54490062,62.35867882,Yes
Jones,12.23632671,49.72492689,Yes
Jones,23.22356013,68.67555479,Yes
Jones,31.21427535,21.69378978,Yes
Jones,13.23516611,38.67039394,Yes
Jones,22.22472073,16.56132806,Yes
Jones,59.84767155,56.04180286,Yes
Jones,46.52981285,18.5353518,Yes
Jones,44.53213405,17.35093755,Yes
Jones,38.20615117,22.87820403,Yes
Jones,52.1899028,26.03664201,Yes
Jones,7.908022632,33.93273697,Yes
Jones,40.53677644,38.67039394,Yes
Jones,24.88829247,42.22363668,Yes
Jones,17.89641665,70.64957853,Yes
Jones,42.86740171,26.03664201,Yes
Jones,31.88016829,31.16910373,No
Jones,47.86159872,18.14054705,Yes
Jones,48.52749166,60.77945983,Yes
Jones,42.20150878,18.93015655,Yes
Jones,47.86159872,27.615861,Yes
Jones,48.19454519,20.50937554,Yes
Jones,25.88713187,56.83141235,Yes
Jones,69.83606557,63.93789782,Yes
Jones,67.83838677,22.48339928,Yes
Jones,42.53445524,27.615861,Yes
Jones,42.53445524,27.615861,No
Jones,34.21079356,21.29898503,Yes
Jones,44.53213405,66.70153105,Yes
Jones,37.20731177,77.75606399,Yes
Jones,53.52168867,26.43144676,No
Jones,52.52284927,48.1457079,Yes
Jones,19.56114899,81.70411147,Yes
Jones,62.17829682,25.24703251,Yes
Jones,36.20847236,31.16910373,Yes
Jones,65.5077615,63.54309307,Yes
Jones,16.23168432,70.25477378,Yes
Jones,39.87088351,36.30156546,Yes
Jones,49.85927753,71.04438328,Yes
Jones,39.87088351,25.64183726,No
Jones,79.15856666,44.98726991,Yes
Jones,74.83026259,82.09891622,Yes
Jones,30.54838242,33.53793222,Yes
Jones,55.18642101,64.72750731,Yes
Jones,47.19570579,27.22105625,Yes
Jones,30.54838242,25.24703251,No
Jones,53.52168867,17.35093755,Yes
Jones,49.85927753,28.4054705,No
Jones,15.89874,82.88853,Yes
Jones,12.90222,70.64958,Yes
Jones,25.22124,65.12231,Yes
Jones,25.22124,65.12231,No
Jones,69.50312,50.90934,Yes
Jones,7.24213,59.98985,Yes
Jones,4.24561149,53.27816962,Yes
Jones,34.87668649,22.87820403,Yes
Jones,62.17829682,67.49114055,Yes
Jones,26.88597128,29.98468949,Yes
Jones,82.15508487,33.53793222,Yes
Jones,49.52633106,67.49114055,Yes
Jones,52.1899028,33.93273697,Yes
Jones,52.1899028,33.93273697,No
Jones,76.49499492,65.51711681,Yes
Jones,46.19686639,20.11457079,Yes
Jones,7.575076164,29.19507999,Yes
Jones,7.908022632,60.77945983,Yes
Jones,45.19802698,21.69378978,Yes
Jones,32.87900769,28.80027525,Yes
Jones,10.2386479,83.28333047,Yes
Jones,38.53909764,25.64183726,No
Jones,45.19802698,26.43144676,No
Jones,74.16436965,50.11973164,Yes
Jones,40.53677644,24.85222777,Yes
Jones,42.20150878,26.03664201,Yes
Jones,40.20382997,41.43402718,No
Jones,50.85811693,23.27300877,Yes
Jones,30.21543595,31.56390848,Yes
Jones,47.52865226,17.7457423,Yes
Jones,54.85347454,23.66781352,Yes
Jones,49.19338459,22.08859453,Yes
Jones,46.19686639,17.35093755,Yes
Jones,76.16204845,71.83399277,Yes
Jones,11.23748731,70.25477378,Yes
Jones,60.84651095,49.33012214,Yes
Jones,52.1899028,18.14054705,Yes
Jones,48.86043813,19.32496129,Yes
Jones,44.53213405,29.98468949,No
Jones,48.19454519,58.41063134,Yes
Jones,33.54490062,22.87820403,Yes
Jones,62.84418976,20.90418029,Yes
Jones,62.51124329,37.4859797,Yes
Jones,82.48803134,40.64441768,Yes
Jones,41.86856231,26.43144676,Yes
Jones,43.86624111,59.20024084,No
Jones,76.16204846,68.67555479,Yes
Jones,76.16204846,68.67555479,Yes
Jones,10.90454084,44.19766042,Yes
Jones,70.83490498,35.90676071,Yes
Jones,5.244450892,54.85738861,Yes
Jones,12.56927318,17.7457423,Yes
Jones,61.17945742,63.54309307,No
Jones,9.905701436,76.176845,Yes
Jones,16.23168432,52.48856012,Yes
Jones,2.247932685,57.62102185,Yes
Jones,70.83490498,50.11973164,Yes
Jones,70.83490498,46.5664889,Yes
Jones,66.5066009,67.0963358,Yes
Jones,40.20382997,28.01066575,Yes
Jones,79.49151313,66.70153105,Yes
Jones,40.53677644,50.51453638,Yes
Jones,40.53677644,50.51453638,Yes
Jones,38.53909764,56.04180286,Yes
Jones,5.910343827,20.90418029,Yes
Jones,38.20615117,24.06261827,Yes
Jones,76.49499492,26.03664201,Yes
Jones,46.19686639,43.01324617,Yes
Jones,37.8732047,18.14054705,Yes
Jones,4.24561149,46.96129365,Yes
Jones,27.55186421,65.91192156,Yes
Jones,18.56230959,48.93531739,Yes
Jones,39.20499057,34.72234646,Yes
Jones,69.50311911,35.51195596,Yes
Jones,40.53677644,25.64183726,Yes
Jones,33.21195416,84.86254946,Yes
Jones,40.20382997,28.01066575,No
Jones,23.5565066,82.88852572,Yes
Jones,37.54025823,25.24703251,Yes
Jones,7.242129697,53.67297437,Yes
Jones,8.240969099,75.78204025,Yes
Jones,16.23168432,51.30414588,Yes
Jones,39.87088351,25.24703251,Yes
Jones,36.20847236,19.71976604,Yes
Jones,13.56811258,74.20282126,Yes
Jones,27.88481068,74.20282126,Yes
Jones,10.2386479,19.32496129,Yes
Jones,38.53909764,60.38465508,Yes
Jones,59.84767155,31.56390848,Yes
Jones,77.82678079,71.04438328,Yes
Jones,52.1899028,31.16910373,Yes
Jones,3.912665023,48.93531739,Yes
Jones,37.54025823,31.56390848,No
Jones,34.87668649,25.24703251,Yes
Jones,5.244450892,73.01840702,Yes
Jones,38.20615117,52.48856012,Yes
Jones,57.51704628,46.5664889,Yes
Jones,37.54025823,68.28075004,Yes
Jones,37.54025823,17.7457423,Yes
Jones,70.16901204,84.07293996,Yes
Jones,29.88248948,35.11715121,No
Jones,5.244450892,37.88078445,Yes
Jones,52.52284927,64.33270256,Yes
Jones,52.52284927,64.33270256,Yes
Jones,56.85115334,29.98468949,Yes
Jones,56.85115334,29.98468949,Yes
Jones,62.17829682,67.0963358,Yes
Jones,46.52981285,46.96129365,Yes
Jones,36.54141883,17.7457423,No
Jones,75.82910199,70.25477378,Yes
Jones,75.82910199,70.25477378,Yes
Jones,43.86624111,31.95871323,Yes
Jones,44.53213405,24.45742302,Yes
Jones,3.912665023,56.04180286,Yes
Jones,5.244450892,73.80801651,Yes
Jones,63.84302916,43.40805092,Yes
Jones,63.51008269,73.01840702,Yes
Jones,63.51008269,73.01840702,Yes
Jones,35.20963296,65.12231206,Yes
Jones,29.88248948,85.25735421,Yes
Jones,36.8743653,17.35093755,Yes
Jones,38.8720441,33.93273697,Yes
Jones,24.22239954,55.25219336,Yes
Jones,77.49383432,64.72750731,Yes
Jones,10.2386479,18.14054705,Yes
Jones,34.87668649,58.41063134,Yes
Jones,79.8244596,58.0158266,Yes
Jones,79.15856666,85.25735421,Yes
Jones,52.85579573,17.7457423,Yes
Jones,60.84651095,46.5664889,Yes
Jones,21.89177426,82.49372097,Yes
Jones,4.911504425,59.59504559,Yes
Jones,69.83606557,38.2755892,Yes
Jones,40.20382997,29.98468949,Yes
Jones,46.86275932,24.45742302,Yes
Jones,44.86508052,46.96129365,No
Jones,3.246772088,56.83141235,No
Jones,38.20615117,26.43144676,No
Jones,44.86508052,56.4366076,Yes
Jones,44.19918758,28.01066575,Yes
Jones,73.16553025,71.83399277,Yes
Jones,25.88713187,71.04438328,Yes
Jones,76.16204846,70.64957853,Yes
Jones,48.52749166,23.66781352,Yes
Jones,75.82910199,83.28333047,Yes
Jones,50.52517046,85.25735421,Yes
Jones,5.57739736,84.07293996,Yes
Johnson,22.22472073,65.12231206,Yes
Johnson,22.22472073,36.6963702,No
Johnson,79.49151313,33.53793222,Yes
Johnson,28.21775714,30.77429899,Yes
Johnson,70.50195851,66.3067263,Yes
Johnson,6.909183229,24.06261827,Yes
Johnson,71.83374438,24.06261827,Yes
Johnson,38.20615117,87.23137795,Yes
Johnson,32.54606122,58.0158266,Yes
Johnson,21.22588133,86.0469637,Yes
Johnson,82.48803134,39.46000344,Yes
Johnson,60.18061802,39.06519869,No
Johnson,5.910343827,47.75090315,Yes
Johnson,55.51936747,31.95871323,Yes
Johnson,41.53561584,61.96387408,Yes
Johnson,32.21311475,35.90676071,Yes
Johnson,20.89293486,40.64441768,Yes
Johnson,28.55070361,36.6963702,Yes
Johnson,21.5588278,51.30414588,Yes
Johnson,4.578557957,55.25219336,Yes
Johnson,21.22588133,49.72492689,Yes
Johnson,25.88713187,63.14828832,Yes
Johnson,2.91382562,48.54051264,Yes
Johnson,18.56230959,61.56906933,Yes
Johnson,50.192224,35.51195596,Yes
Johnson,64.17597563,65.91192156,Yes
Johnson,79.8244596,37.4859797,Yes
Johnson,47.19570579,16.56132806,Yes
Johnson,28.88365008,31.16910373,Yes
Johnson,53.52168867,58.0158266,Yes
Johnson,36.20847236,51.69895063,Yes
Johnson,20.89293486,37.88078445,Yes
Johnson,19.56114899,76.9664545,Yes
Johnson,26.55302481,40.64441768,Yes
Johnson,41.86856231,68.67555479,Yes
Johnson,80.15740606,45.77687941,Yes
Johnson,80.15740606,48.1457079,Yes
Johnson,47.19570579,17.35093755,Yes
Johnson,74.49731612,59.20024084,Yes
Johnson,80.49035253,57.62102185,Yes
Johnson,6.909183229,58.0158266,Yes
Johnson,58.84883215,26.82625151,Yes
Johnson,38.20615117,15.37691381,No
Johnson,80.49035253,41.82883193,Yes
Johnson,23.5565066,37.09117495,Yes
Johnson,21.22588133,83.28333047,Yes
Johnson,62.17829682,63.54309307,Yes
Johnson,37.20731177,17.35093755,Yes
Johnson,37.20731177,17.35093755,Yes
Johnson,6.576236762,68.67555479,Yes
Johnson,3.246772088,43.80285567,Yes
Johnson,4.24561149,32.74832272,Yes
Johnson,31.88016829,66.3067263,Yes
Johnson,35.54257943,56.4366076,Yes
Johnson,79.49151313,84.07293996,Yes
Johnson,65.5077615,28.01066575,Yes
Johnson,63.51008269,18.93015655,Yes
Johnson,13.23516611,37.4859797,Yes
Johnson,26.22007834,61.56906933,Yes
Johnson,42.53445524,26.43144676,No
Johnson,8.906862034,25.64183726,Yes
Johnson,44.53213405,31.16910373,Yes
Johnson,6.243290295,84.07293996,Yes
Johnson,25.55418541,50.11973164,Yes
Johnson,37.54025823,74.20282126,Yes
Johnson,29.54954301,31.56390848,Yes
Johnson,48.19454519,18.5353518,Yes
Johnson,45.86391992,70.25477378,Yes
Johnson,19.89409546,24.85222777,Yes
Johnson,59.51472508,35.90676071,Yes
Johnson,66.5066009,47.3560984,Yes
Johnson,20.89293486,59.98985034,No
Johnson,36.54141883,74.59762601,Yes
Johnson,37.8732047,44.98726991,Yes
Johnson,62.51124329,22.48339928,No
Johnson,42.53445524,25.64183726,Yes
Johnson,7.575076164,80.12489248,Yes
Johnson,69.83606557,86.8365732,Yes
Johnson,16.23168432,65.12231206,Yes
Johnson,42.86740171,29.58988474,Yes
Johnson,41.86856231,53.67297437,No
Johnson,45.53097345,51.69895063,Yes
Johnson,68.17133324,85.65215895,Yes
Johnson,72.16669085,63.93789782,Yes
Johnson,31.54722182,36.30156546,Yes
Johnson,74.49731612,34.72234646,Yes
Johnson,21.5588278,69.07035954,Yes
Johnson,21.5588278,69.07035954,Yes
Johnson,53.1887422,67.0963358,Yes
Johnson,24.555346,28.01066575,Yes
Johnson,40.20382997,32.74832272,Yes
Jones,13.90105905,63.14828832,Yes
Jones,20.89293486,82.88852572,Yes
Jones,40.53677644,73.41321177,Yes
Jones,51.52400987,71.04438328,Yes
Jones,44.86508052,25.24703251,Yes
Jones,5.910343827,50.11973164,Yes
Jones,66.17365443,73.80801651,Yes
Jones,57.18409981,20.90418029,Yes
Jones,53.85463514,19.32496129,Yes
Jones,42.53445524,26.03664201,Yes
Jones,77.16088786,31.95871323,Yes
Jones,45.86391992,24.85222777,Yes
Jones,34.54374003,83.67813521,Yes
Jones,40.53677644,25.64183726,Yes
Jones,55.51936747,24.85222777,Yes
Jones,40.86972291,64.33270256,Yes
Jones,12.23632671,25.24703251,Yes
Jones,33.21195416,25.64183726,Yes
Jones,33.21195416,25.64183726,Yes
Jones,31.21427535,45.38207466,No
Jones,76.82794139,34.32754172,Yes
Jones,18.56230959,36.30156546,Yes
Jones,7.908022632,64.72750731,Yes
Jones,47.19570579,26.03664201,Yes
Jones,64.50892209,39.46000344,Yes
Jones,55.18642101,73.41321177,Yes
Jones,42.86740171,82.88852572,Yes
Jones,69.50311911,82.49372097,Yes
Jones,62.84418976,76.9664545,Yes
Jones,49.85927753,28.80027525,Yes
Jones,6.243290295,42.22363668,Yes
Jones,77.49383432,40.64441768,Yes
Jones,5.910343827,41.03922243,Yes
Jones,48.19454519,23.27300877,Yes
Jones,16.89757725,63.93789782,Yes
Jones,32.21311475,24.06261827,Yes
Jones,69.17017264,30.37949424,Yes
Jones,49.19338459,58.0158266,Yes
Jones,64.17597563,50.51453638,Yes
Jones,59.18177862,74.20282126,Yes
Jones,81.48919193,76.176845,Yes
Jones,78.49267373,43.40805092,Yes
Jones,78.82562019,36.30156546,Yes
Jones,63.84302916,27.22105625,Yes
Jones,43.20034818,82.88852572,Yes
Jones,45.86391992,39.85480819,Yes
Jones,66.5066009,75.78204025,Yes
Jones,32.87900769,58.80543609,Yes
Jones,16.56463078,75.38723551,Yes
Jones,28.88365008,41.43402718,No
Jones,64.50892209,64.33270256,Yes
Jones,62.17829682,33.14312747,Yes
Jones,48.52749166,19.71976604,Yes
Jones,73.16553025,56.4366076,Yes
Jones,78.15972726,51.30414588,Yes
Jones,42.53445524,27.22105625,No
Jones,66.5066009,81.30930673,Yes
Jones,20.55998839,22.08859453,Yes
Jones,47.19570579,20.11457079,Yes
Jones,16.23168432,84.46774471,Yes
Jones,18.22936312,39.06519869,Yes
Jones,23.88945307,39.06519869,Yes
Jones,45.19802698,17.7457423,Yes
Jones,47.19570579,19.32496129,Yes
Jones,36.54141883,29.58988474,Yes
Jones,3.912665023,32.74832272,Yes
Jones,78.49267373,41.43402718,Yes
Jones,35.8755259,17.35093755,Yes
Jones,37.54025823,18.93015655,Yes
Jones,37.20731177,16.95613281,Yes
Jones,62.84418976,77.75606399,Yes
Jones,59.84767155,58.80543609,Yes
Jones,42.53445524,61.96387408,Yes
Jones,24.88829247,21.29898503,Yes
Jones,41.20266937,40.64441768,Yes
Jones,70.83490498,67.8859453,Yes
Jones,49.19338459,26.43144676,Yes
Jones,39.20499057,25.24703251,Yes
Jones,10.2386479,59.59504559,Yes
Jones,46.19686639,24.45742302,No
Jones,49.52633106,24.85222777,Yes
Jones,17.56347019,33.14312747,Yes
Jones,81.8221384,38.2755892,Yes
Jones,38.20615117,17.7457423,Yes
Jones,39.53793704,31.95871323,Yes
Jones,68.5042797,37.88078445,Yes
Jones,23.88945307,67.49114055,Yes
Jones,22.22472073,53.67297437,Yes
Jones,44.53213405,72.22879752,Yes
Jones,61.51240389,41.82883193,Yes
Jones,12.90221964,70.64957853,Yes
Jones,42.53445524,23.66781352,Yes
Jones,52.85579573,25.24703251,Yes
Jones,46.19686639,20.11457079,Yes
Jones,44.86508052,28.4054705,Yes
Jones,32.87900769,56.4366076,No
Jones,29.88248948,26.03664201,Yes
Jones,64.17597563,73.41321177,Yes
Jones,34.87668649,14.19249957,Yes
Jones,48.86043813,23.66781352,No
Jones,54.1875816,24.85222777,Yes
Jones,30.88132888,73.41321177,Yes
Jones,13.56811258,72.22879752,Yes
Jones,53.1887422,67.49114055,Yes
Johnson,39.87088351,34.72234646,Yes
Johnson,59.18177862,62.75348357,Yes
Johnson,68.83722617,31.16910373,Yes
Johnson,75.49615552,61.17426458,Yes
Johnson,5.57739736,37.88078445,Yes
Johnson,27.21891774,31.16910373,Yes
Johnson,4.578557957,44.59246516,Yes
Johnson,11.23748731,45.38207466,Yes
Johnson,35.54257943,54.06777912,Yes
Johnson,45.53097345,40.24961294,No
Johnson,5.910343827,57.62102185,Yes
Johnson,28.21775714,39.46000344,Yes
Johnson,27.55186421,27.615861,Yes
Johnson,40.20382997,24.45742302,Yes
Johnson,36.54141883,65.12231206,Yes
Johnson,43.53329465,58.0158266,Yes
Johnson,27.55186421,72.62360227,Yes
Johnson,26.88597128,33.53793222,Yes
Johnson,67.17249383,18.5353518,Yes
Johnson,64.17597563,69.07035954,Yes
Johnson,51.85695633,14.98210907,Yes
Johnson,25.22123894,23.27300877,Yes
Johnson,40.20382997,31.56390848,Yes
Johnson,20.89293486,65.91192156,Yes
Johnson,47.19570579,16.95613281,Yes
Johnson,49.85927753,18.93015655,Yes
Johnson,37.20731177,73.80801651,No
Johnson,45.19802698,35.11715121,Yes
Johnson,62.17829682,41.43402718,Yes
Johnson,10.90454084,67.49114055,Yes
Johnson,69.50311911,83.67813521,Yes
Johnson,41.20266937,32.35351798,Yes
Johnson,68.5042797,19.32496129,Yes
Johnson,36.54141883,61.56906933,Yes
Johnson,41.86856231,24.85222777,Yes
Johnson,25.88713187,31.95871323,Yes
Johnson,46.52981285,70.64957853,Yes
Johnson,46.52981285,70.64957853,Yes
Johnson,46.52981285,70.64957853,Yes
Johnson,59.18177862,84.46774471,Yes
Johnson,76.49499492,75.38723551,Yes
Johnson,63.84302916,85.65215895,Yes
Johnson,46.86275932,56.4366076,Yes
Johnson,51.85695633,28.01066575,Yes
Johnson,33.54490062,78.15086874,Yes
Johnson,5.57739736,64.33270256,Yes
Johnson,59.18177862,32.74832272,Yes
Johnson,42.20150878,45.38207466,Yes
Johnson,8.906862034,84.07293996,Yes
Johnson,64.17597563,41.43402718,Yes
Johnson,31.88016829,29.19507999,Yes
Johnson,33.21195416,75.78204025,Yes
Johnson,59.84767155,66.3067263,Yes
Johnson,43.20034818,29.19507999,No
Johnson,31.54722182,59.20024084,Yes
Johnson,64.84186856,18.5353518,Yes
Johnson,48.19454519,71.04438328,Yes
Johnson,7.242129697,63.14828832,Yes
Johnson,7.242129697,84.07293996,Yes
Johnson,76.49499492,84.46774471,Yes
Johnson,43.53329465,67.49114055,Yes
Johnson,79.49151313,26.43144676,Yes
Johnson,43.53329465,40.24961294,Yes
Johnson,8.906862034,68.28075004,Yes
Johnson,34.21079356,58.80543609,Yes
Johnson,38.8720441,86.44176845,Yes
Johnson,69.50311911,33.14312747,Yes
Johnson,44.53213405,24.85222777,Yes
Johnson,44.53213405,24.85222777,Yes
Johnson,46.52981285,34.32754172,Yes
Johnson,58.84883215,68.28075004,Yes
Johnson,37.20731177,23.27300877,Yes
Johnson,71.83374438,72.22879752,Yes
Johnson,37.8732047,16.95613281,Yes
Johnson,38.20615117,51.69895063,Yes
Johnson,37.8732047,85.25735421,Yes
Johnson,17.89641665,74.59762601,Yes
Johnson,17.89641665,74.59762601,Yes
Johnson,4.911504425,56.04180286,Yes
Johnson,41.53561584,65.12231206,Yes
Johnson,47.86159872,61.56906933,Yes
Johnson,27.88481068,61.56906933,Yes
Johnson,47.52865226,16.95613281,Yes
Johnson,4.24561149,51.69895063,Yes
Johnson,49.19338459,18.14054705,Yes
Johnson,7.242129697,65.12231206,Yes
Johnson,62.51124329,34.32754172,Yes
Johnson,54.85347454,62.75348357,Yes
Jones,15.89873785,52.88336487,Yes
Jones,61.84535036,82.88852572,Yes
Jones,73.49847672,25.64183726,Yes
Jones,36.20847236,72.62360227,Yes
Jones,39.87088351,25.24703251,Yes
Jones,16.23168432,20.50937554,Yes
Jones,62.17829682,34.32754172,Yes
Jones,39.20499057,25.24703251,Yes
Jones,28.88365008,36.30156546,Yes
Jones,69.50311911,35.11715121,Yes
Jones,41.20266937,25.24703251,Yes
Jones,46.86275932,30.77429899,Yes
Jones,43.20034818,64.33270256,Yes
Jones,48.86043813,18.5353518,Yes
Jones,40.86972291,26.43144676,Yes
Jones,78.15972726,57.62102185,Yes
Jones,79.49151313,76.176845,Yes
Jones,53.1887422,27.22105625,Yes
Jones,33.87784709,84.86254946,Yes
Jones,40.86972291,51.30414588,Yes
Jones,43.86624111,26.03664201,No
Jones,7.242129697,61.56906933,Yes
Jones,44.86508052,25.24703251,Yes
Jones,47.52865226,18.93015655,Yes
Jones,80.823299,39.06519869,Yes
Jones,15.23284492,35.11715121,Yes
Jones,17.23052372,73.80801651,Yes
Jones,48.52749166,19.32496129,Yes
Jones,4.578557957,29.19507999,Yes
Jones,76.16204846,84.07293996,Yes
Jones,7.575076164,74.99243076,Yes
Jones,36.20847236,34.32754172,Yes
Jones,79.8244596,73.80801651,Yes
Jones,35.54257943,17.7457423,Yes
Jones,39.53793704,52.48856012,Yes
Jones,5.57739736,33.93273697,Yes
Jones,10.57159437,29.98468949,Yes
Jones,48.19454519,30.37949424,Yes
Jones,9.239808501,72.62360227,Yes
Jones,39.20499057,37.88078445,Yes
Jones,8.240969099,54.06777912,Yes
Jones,49.85927753,21.69378978,Yes
Jones,48.52749166,17.35093755,Yes
Jones,43.86624,31.1691,Yes
Jones,47.8616,22.08859,No
Jones,65.50776,55.25219,Yes
Jones,38.87204,58.41063,Yes
Jones,65.84071,69.46516,Yes
Jones,76.49499492,63.54309307,Yes
Jones,23.5565066,83.28333047,Yes
Jones,77.49383432,82.88852572,Yes
Jones,44.53213405,69.07035954,Yes
Jones,27.21891774,53.67297437,Yes
Jones,42.53445524,32.74832272,Yes
Jones,80.49035253,44.59246516,Yes
Jones,59.84767155,51.69895063,Yes
Jones,29.21659655,37.4859797,Yes
Jones,65.17481503,69.85996903,Yes
Jones,17.23052372,71.83399277,Yes
Jones,14.89989845,17.7457423,Yes
Jones,21.22588133,74.59762601,Yes
Jones,28.21775714,29.98468949,No
Jones,38.20615117,50.11973164,Yes
Jones,77.82678079,67.49114055,Yes
Jones,72.49963731,24.06261827,Yes
Jones,46.52981285,25.24703251,No
Jones,46.19686639,54.06777912,Yes
Jones,46.19686639,54.06777912,Yes
Jones,10.2386479,72.62360227,Yes
Jones,35.8755259,22.87820403,Yes
Jones,9.239808501,28.80027525,Yes
Jones,10.90454084,67.0963358,Yes
Jones,23.88945307,69.85996903,Yes
Brown,35.54257943,71.04438328,Yes
Brown,67.5054403,48.54051264,Yes
Brown,40.53677644,39.85480819,Yes
Brown,48.19454519,18.5353518,Yes
Brown,38.8720441,26.03664201,Yes
Brown,42.20150878,24.85222777,No
Brown,43.53329465,52.48856012,Yes
Brown,44.86508052,54.85738861,Yes
Brown,24.22239954,71.04438328,Yes
Brown,43.20034818,23.66781352,Yes
Brown,38.53909764,63.93789782,Yes
Brown,45.86391992,24.45742302,Yes
Brown,37.8732047,35.51195596,Yes
Brown,45.53097345,45.38207466,Yes
Brown,48.19454519,25.24703251,Yes
Brown,53.1887422,43.40805092,Yes
Brown,46.19686639,24.85222777,No
Brown,49.52633106,20.90418029,Yes
Brown,41.86856231,30.37949424,Yes
Brown,34.21079356,22.08859453,Yes
Brown,48.19454519,24.45742302,Yes
Brown,47.86159872,18.5353518,Yes
Brown,26.55302481,48.1457079,Yes
Brown,42.86740171,24.85222777,Yes
Brown,42.86740171,44.98726991,Yes
Brown,44.86508052,41.03922243,Yes
Brown,35.20963296,33.14312747,Yes
Brown,23.22356013,36.30156546,Yes
Brown,25.88713187,33.53793222,Yes
Brown,33.87784709,16.16652331,Yes
Brown,21.5588278,47.75090315,Yes
Brown,58.18293921,44.59246516,Yes
Brown,34.54374003,70.64957853,Yes
Brown,31.21427535,16.95613281,Yes
Brown,63.84302916,48.93531739,No
Brown,68.5042797,35.90676071,Yes
Brown,24.88829247,46.5664889,Yes
Brown,34.54374003,34.32754172,No
Brown,22.5576672,44.98726991,Yes
Brown,76.49499492,43.01324617,Yes
Brown,10.57159437,39.85480819,Yes
Brown,49.52633106,31.56390848,Yes
Brown,42.53445524,69.46516429,Yes
Brown,42.86740171,23.66781352,Yes
Brown,73.16553025,39.85480819,Yes
Brown,74.16436965,45.38207466,Yes
Brown,61.17945742,43.01324617,Yes
Brown,43.20034818,41.82883193,No
Brown,36.54141883,37.4859797,Yes
Brown,26.55302481,36.6963702,No
Brown,40.86972291,69.07035954,Yes
Brown,31.21427535,20.11457079,Yes
Brown,29.54954301,31.95871323,Yes
Brown,61.51240389,39.06519869,Yes
Brown,46.52981285,60.77945983,Yes
Brown,26.88597128,31.16910373,Yes
Brown,38.8720441,19.32496129,Yes
Brown,27.55186421,20.90418029,Yes
Brown,37.8732047,20.90418029,No
Brown,18.22936312,70.25477378,Yes
Brown,37.8732047,23.27300877,Yes
Brown,36.54141883,29.19507999,Yes
Brown,27.21891774,75.38723551,Yes
Brown,42.20150878,61.56906933,Yes
Brown,34.54374003,63.54309307,Yes
Brown,45.86391992,78.54567349,Yes
Brown,40.20382997,24.06261827,No
Brown,39.53793704,26.43144676,Yes
Brown,44.19918758,44.98726991,Yes
Brown,41.86856231,29.19507999,Yes
Brown,59.51472508,47.3560984,Yes
Brown,48.86043813,20.90418029,No
Brown,62.17829682,51.69895063,No
Brown,39.87088351,18.14054705,Yes
Brown,35.54257943,19.32496129,Yes
Brown,38.8720441,17.35093755,Yes
Brown,19.22820252,41.43402718,No
Brown,54.1875816,24.06261827,Yes
Brown,36.54141883,20.11457079,Yes
Brown,40.53677644,22.48339928,Yes
Brown,40.53677644,22.48339928,No
Brown,35.54257943,25.24703251,Yes
Brown,38.8720441,22.08859453,Yes
Brown,47.19570579,17.35093755,Yes
Brown,31.54722182,35.90676071,Yes
Brown,38.53909764,42.61844142,Yes
Brown,56.85115334,32.35351798,Yes
Brown,40.20382997,55.25219336,Yes
Brown,43.53329465,39.06519869,Yes
Brown,62.84418976,35.90676071,Yes
Brown,28.55070361,46.17168416,Yes
Brown,50.192224,21.29898503,Yes
Brown,62.17829682,45.77687941,Yes
Brown,53.1887422,35.90676071,Yes
Brown,13.23516611,63.14828832,Yes
Brown,26.88597128,52.88336487,Yes
Brown,58.84883215,38.2755892,Yes
Brown,23.88945307,68.28075004,Yes
Brown,61.84535036,41.82883193,Yes
Brown,80.823299,47.75090315,Yes
Brown,60.84651095,37.88078445,Yes
Brown,53.1887422,29.98468949,Yes
Brown,63.84302916,40.24961294,Yes
Brown,32.54606122,53.27816962,Yes
Brown,42.53445524,24.85222777,Yes
Brown,28.88365008,42.61844142,Yes
Brown,29.88248948,26.82625151,Yes
Brown,35.8755259,67.8859453,Yes
Brown,61.17945742,43.80285567,Yes
Brown,57.51704628,40.24961294,Yes
Brown,51.1910634,34.32754172,Yes
Brown,52.1899028,43.01324617,Yes
Brown,38.53909764,71.83399277,Yes
Brown,61.17945742,57.62102185,Yes
Brown,50.192224,66.3067263,Yes
Brown,39.20499057,24.85222777,Yes
Brown,45.19802698,28.4054705,Yes
Brown,39.20499057,57.2262171,Yes
Brown,49.85927753,69.07035954,Yes
Brown,42.53445524,59.20024084,Yes
Brown,47.19570579,25.64183726,Yes
Brown,39.20499057,24.85222777,Yes
Brown,26.55302481,44.59246516,Yes
Brown,48.19454519,28.4054705,Yes
Brown,64.84186856,48.54051264,Yes
Brown,64.84186856,48.54051264,Yes
Brown,40.20382997,30.77429899,Yes
Brown,27.21891774,45.38207466,Yes
Brown,37.8732047,69.07035954,Yes
Brown,51.1910634,40.64441768,Yes
Brown,46.19686639,22.87820403,No
Johnson,43.20034818,37.4859797,No
Johnson,58.84883215,20.50937554,Yes
Johnson,4.911504425,67.8859453,Yes
Johnson,26.88597128,63.93789782,Yes
Johnson,31.88016829,25.24703251,Yes
Johnson,46.86275932,24.45742302,No
Johnson,35.8755259,26.43144676,Yes
Johnson,5.244450892,48.93531739,Yes
Johnson,47.19570579,26.03664201,Yes
Johnson,26.55302481,40.24961294,Yes
Johnson,56.18526041,39.85480819,Yes
Johnson,22.5576672,70.25477378,Yes
Johnson,3.912665022,76.176845,Yes
Johnson,67.5054403,64.72750731,Yes
Johnson,11.90338024,22.87820403,Yes
Johnson,38.8720441,24.45742302,Yes
Johnson,11.23748731,67.0963358,Yes
Johnson,19.89409546,61.17426458,Yes
Johnson,29.54954301,61.56906933,Yes
Johnson,18.56230959,34.72234646,No
Johnson,36.8743653,63.54309307,No
Johnson,38.53909764,68.28075004,Yes
Johnson,77.16088786,63.93789782,Yes
Johnson,46.86275932,16.56132806,No
Johnson,69.17017264,50.11973164,No
Johnson,74.83026259,39.46000344,Yes
Johnson,20.22704193,24.45742302,Yes
Johnson,40.86972291,51.30414588,Yes
Johnson,73.83142318,39.85480819,Yes
Johnson,79.49151313,75.38723551,Yes
Johnson,79.49151313,48.54051264,Yes
Johnson,37.54025823,23.66781352,Yes
Johnson,71.16785144,70.64957853,Yes
Johnson,30.88132888,27.22105625,Yes
Johnson,78.49267373,26.03664201,Yes
Johnson,56.18526041,24.45742302,Yes
Johnson,38.20615117,26.43144676,Yes
Johnson,53.85463514,63.14828832,Yes
Johnson,69.17017264,71.04438328,Yes
Johnson,9.239808501,28.80027525,Yes
Johnson,64.84186856,66.3067263,Yes
Johnson,46.52981285,23.66781352,Yes
Johnson,19.22820252,67.8859453,Yes
Johnson,38.8720441,62.35867882,Yes
Johnson,73.83142318,52.48856012,Yes
Johnson,68.17133324,84.46774471,Yes
Johnson,63.51008269,61.17426458,Yes
Johnson,57.51704628,28.80027525,Yes
Johnson,73.16553025,29.58988474,Yes
Johnson,38.20615117,17.7457423,Yes
Johnson,64.50892209,52.88336487,No
Johnson,62.84418976,86.0469637,Yes
Johnson,44.53213405,24.85222777,Yes
Johnson,22.89061367,63.54309307,Yes
Johnson,66.17365443,46.5664889,Yes
Johnson,25.88713187,63.54309307,Yes
Johnson,40.20382997,56.83141235,No
Johnson,34.87668649,70.25477378,Yes
Johnson,78.49267373,61.56906933,Yes
Johnson,44.86508052,60.77945983,Yes
Johnson,15.23284492,40.24961294,Yes
Johnson,68.17133324,65.91192156,Yes
Johnson,70.50195851,85.25735421,Yes
Johnson,31.54722182,59.59504559,Yes
Johnson,16.89757725,26.43144676,Yes
Johnson,27.21891774,37.88078445,Yes
Smith,42.53445524,29.58988474,Yes
Smith,36.20847236,51.69895063,Yes
Smith,55.18642101,68.67555479,No
Smith,79.8244596,61.17426458,Yes
Smith,48.86043813,65.51711681,Yes
Smith,23.5565066,66.3067263,Yes
Smith,36.54141883,16.56132806,Yes
Smith,11.57043377,40.64441768,Yes
Smith,24.22239954,35.11715121,Yes
Smith,57.84999275,9.849647342,Yes
Smith,53.52168867,29.98468949,No
Smith,18.89525606,44.59246516,Yes
Smith,19.89409546,57.62102185,Yes
Smith,63.51008269,63.54309307,Yes
Smith,57.18409981,61.96387408,Yes
Smith,34.21079356,20.50937554,Yes
Smith,4.24561149,50.90934113,Yes
Smith,80.823299,40.24961294,Yes
Smith,30.88132888,17.35093755,Yes
Smith,46.19686639,31.56390848,Yes
Smith,47.19570579,51.69895063,Yes
Smith,19.22820252,22.48339928,Yes
Smith,12.23632671,56.83141235,Yes
Smith,25.22123894,40.24961294,Yes
Smith,44.53213405,37.4859797,No
Smith,22.5576672,32.35351798,Yes
Smith,62.84418976,52.09375538,Yes
Smith,33.87784709,57.2262171,Yes
Smith,40.20382997,68.67555479,Yes
Smith,38.20615117,18.14054705,Yes
Smith,18.22936312,26.82625151,No
Smith,38.53909764,17.35093755,Yes
Smith,41.53561584,23.66781352,Yes
Smith,27.55186421,44.59246516,Yes
Smith,3.246772088,56.4366076,Yes
Smith,34.54374003,37.88078445,Yes
Smith,47.19570579,17.7457423,Yes
Smith,46.86275932,56.4366076,Yes
Smith,2.91382562,34.72234646,Yes
Smith,16.23168432,65.51711681,Yes
Smith,41.20266937,27.22105625,Yes
Smith,61.51240389,29.98468949,Yes
Smith,27.55186421,5.506795114,Yes
Smith,71.16785144,52.88336487,Yes
Smith,78.15972726,34.32754172,Yes
Smith,78.15972726,52.88336487,Yes
Smith,49.85927753,35.11715121,Yes
Smith,75.16320905,61.17426458,Yes
Smith,9.572754969,29.98468949,Yes
Smith,11.23748731,57.62102185,Yes
Smith,6.243290295,62.75348357,No
Smith,48.52749166,16.16652331,Yes
Smith,7.908022632,58.0158266,Yes
Smith,20.22704193,50.51453638,Yes
Smith,49.85927753,28.01066575,Yes
Smith,62.84418976,17.35093755,Yes
Smith,73.16553025,42.61844142,Yes
Smith,39.87088351,58.41063134,Yes
Smith,3.246772088,72.22879752,Yes
Smith,35.8755259,60.38465508,Yes
Smith,19.56114899,43.01324617,Yes
Smith,21.22588133,49.72492689,Yes
Smith,2.247932685,37.09117495,Yes
Smith,18.56230959,50.51453638,Yes
Smith,16.56463078,26.82625151,Yes
Smith,34.21079356,21.29898503,Yes
Smith,13.23516611,52.09375538,Yes
Smith,11.57043377,26.82625151,Yes
Smith,34.87668649,18.5353518,Yes
Smith,58.84883215,59.59504559,Yes
Smith,48.19454519,18.14054705,Yes
Smith,9.572754969,59.98985034,Yes
Smith,34.87668649,18.14054705,Yes
Smith,14.89989845,67.0963358,Yes
Smith,44.86508052,26.82625151,Yes
Smith,50.52517046,85.65215895,Yes
Smith,39.53793704,53.67297437,Yes
Smith,39.53793704,37.4859797,Yes
Smith,13.56811258,61.96387408,Yes
Smith,17.23052372,66.3067263,Yes
Smith,47.19570579,17.35093755,Yes
Smith,15.89873785,58.41063134,Yes
Smith,3.912665022,45.38207466,Yes
Smith,25.88713187,23.27300877,Yes
Smith,19.56114899,45.38207466,Yes
Smith,70.16901204,60.77945983,Yes
Smith,48.52749166,71.04438328,Yes
Smith,37.54025823,18.93015655,Yes
Smith,39.87088351,52.48856012,Yes
Smith,53.85463514,28.01066575,Yes
Smith,64.50892209,67.8859453,Yes
Smith,32.21311475,26.82625151,Yes
Smith,12.23632671,45.38207466,Yes
Smith,30.54838242,20.50937554,Yes
Smith,33.54490062,69.85996903,No
Smith,35.8755259,62.75348357,Yes
Smith,39.87088351,65.51711681,Yes
Smith,21.22588133,44.59246516,Yes
Smith,60.84651095,85.25735421,Yes
Smith,51.52400987,26.03664201,Yes
Smith,10.2386479,69.46516429,Yes
Smith,73.83142318,71.04438328,Yes
Smith,13.90105905,54.46258386,Yes
Smith,80.823299,36.30156546,Yes
Smith,19.89409546,26.82625151,Yes
Smith,47.19570579,25.64183726,Yes
Smith,62.84418976,45.38207466,Yes
Smith,78.82562019,63.54309307,Yes
Smith,79.8244596,52.48856012,Yes
Smith,18.89525606,38.2755892,Yes
Smith,11.90338024,42.22363668,No
Smith,38.20615117,24.85222777,Yes
Smith,14.89989845,41.82883193,Yes
Smith,26.88597128,38.67039394,Yes
Smith,12.23632671,51.69895063,Yes
Smith,70.16901204,69.46516429,Yes
Smith,17.23052372,85.25735421,Yes
Smith,62.51124329,69.46516429,Yes
Smith,38.8720441,29.98468949,Yes
Smith,46.19686639,63.54309307,Yes
Smith,11.23748731,59.98985034,Yes
Smith,10.90454084,20.90418029,Yes
Smith,13.23516611,38.67039394,Yes
Smith,26.88597128,38.67039394,Yes
Smith,6.909183229,73.80801651,Yes
Smith,49.52633106,67.0963358,Yes
Smith,73.83142318,71.04438328,Yes
Smith,54.52052807,27.615861,Yes
Smith,63.84302916,71.43918803,Yes
Smith,22.5576672,71.04438328,Yes
Smith,35.20963296,27.615861,Yes
Smith,40.53677644,31.16910373,Yes
Smith,39.53793704,24.06261827,Yes
Smith,41.20266937,58.0158266,No
Smith,37.20731177,67.0963358,Yes
Smith,67.83838677,47.75090315,Yes
Smith,61.51240389,24.45742302,Yes
Smith,71.50079791,34.32754172,Yes
Smith,36.8743653,26.03664201,No
Smith,39.53793704,57.62102185,No
Smith,78.82562019,52.88336487,Yes
Smith,42.53445524,25.64183726,No
Smith,41.86856231,41.43402718,Yes
Smith,39.87088351,24.45742302,Yes
Smith,46.52981285,63.14828832,Yes
Smith,39.87088351,65.12231206,Yes
Smith,69.17017264,20.50937554,Yes
Smith,61.17945742,24.45742302,Yes
Smith,60.84651095,68.28075004,Yes
Smith,9.239808501,78.54567349,Yes
Smith,35.8755259,64.33270256,Yes
Smith,61.84535036,65.51711681,Yes
Smith,78.49267373,72.62360227,Yes
Smith,46.86275932,23.27300877,Yes
Smith,76.82794139,67.0963358,Yes
Smith,21.22588133,66.3067263,Yes
Smith,58.84883215,60.38465508,Yes
Smith,71.16785144,63.54309307,Yes
Smith,34.54374003,72.22879752,Yes
Smith,34.87668649,20.50937554,Yes
Smith,11.57043377,70.25477378,Yes
Smith,41.53561584,63.14828832,Yes
Smith,64.50892209,55.64699811,Yes
Smith,7.575076164,26.82625151,Yes
Smith,8.573915567,64.33270256,Yes
Smith,36.20847236,15.77171856,Yes
Smith,25.88713187,34.32754172,Yes
Smith,72.16669085,52.48856012,Yes
Smith,46.19686639,60.38465508,No
Smith,68.5042797,71.43918803,No
Smith,29.21659655,24.85222777,Yes
Smith,49.52633106,62.35867882,Yes
Smith,21.22588133,36.6963702,Yes
Smith,46.86275932,18.14054705,Yes
Smith,41.86856231,40.64441768,Yes
Smith,17.89641665,69.85996903,No
Smith,19.89409546,68.28075004,Yes
Smith,19.56114899,50.51453638,Yes
Smith,44.53213405,30.37949424,Yes
Smith,68.83722617,49.33012214,Yes
Smith,70.50195851,58.0158266,Yes
Smith,79.49151313,56.4366076,Yes
Smith,74.83026259,58.80543609,Yes
Smith,22.22472073,17.7457423,Yes
Smith,44.53213405,24.85222777,Yes
Smith,37.54025823,61.56906933,Yes
Smith,10.2386479,44.59246516,Yes
Smith,17.23052372,67.8859453,Yes
Smith,43.20034818,28.4054705,Yes
Smith,48.19454519,19.32496129,No
Smith,45.19802698,59.59504559,Yes
Smith,72.83258378,67.0963358,Yes
Smith,48.19454519,20.50937554,Yes
Smith,24.88829247,52.48856012,Yes
Smith,43.53329465,27.615861,No
Smith,69.83606557,50.11973164,Yes
Smith,63.51008269,26.03664201,Yes
Smith,54.52052807,27.615861,Yes
Smith,12.56927318,73.80801651,Yes
Smith,38.8720441,24.45742302,Yes
Smith,38.8720441,49.72492689,Yes
Smith,48.86043813,21.69378978,Yes
Smith,70.16901204,68.28075004,Yes
Smith,31.88016829,26.43144676,Yes
Smith,46.19686639,59.59504559,Yes
Smith,17.23052372,84.07293996,Yes
Smith,46.19686639,59.98985034,Yes
Smith,33.54490062,61.96387408,Yes
Smith,55.85231394,65.91192156,Yes
Smith,79.15856666,36.30156546,Yes
Smith,40.20382997,62.35867882,Yes
Smith,32.54606122,24.85222777,Yes
Smith,16.89757725,71.04438328,No
Smith,19.22820252,61.56906933,Yes
Smith,3.246772088,76.176845,Yes
Smith,5.910343827,25.64183726,Yes
Smith,71.83374438,68.28075004,No
Smith,65.84070796,49.72492689,Yes
Smith,55.51936747,65.51711681,Yes
Smith,42.53445524,27.22105625,Yes
Smith,19.22820252,63.14828832,Yes
Smith,54.85347454,53.67297437,Yes
Smith,27.21891774,63.14828832,Yes
Smith,51.1910634,56.4366076,Yes
Smith,16.89757725,69.07035954,Yes
Smith,31.54722182,18.14054705,Yes
Smith,77.49383432,80.51969723,Yes
Smith,73.49847672,88.81059694,Yes
Smith,43.20034818,38.67039394,Yes
Smith,14.23400551,41.03922243,Yes
Smith,16.23168432,37.09117495,Yes
Smith,26.88597128,85.25735421,Yes
Smith,40.86972291,68.67555479,Yes
Smith,9.905701436,65.51711681,Yes
Smith,2.247932685,31.16910373,Yes
Smith,20.22704193,68.67555479,Yes
Smith,29.88248948,12.61328058,Yes
Smith,34.21079356,33.93273697,Yes
Smith,7.908022632,54.85738861,Yes
Smith,16.89757725,52.09375538,Yes
Smith,78.15972726,56.83141235,Yes
Smith,79.8244596,40.64441768,Yes
Smith,34.87668649,24.45742302,Yes
Smith,37.8732047,22.87820403,Yes
Smith,41.20266937,85.65215895,Yes
Smith,18.89525606,66.3067263,Yes
Smith,60.84651095,73.80801651,Yes
Smith,15.89873785,72.22879752,Yes
Smith,21.5588278,74.99243076,Yes
Smith,64.84186856,60.77945983,Yes
Smith,22.89061367,61.96387408,Yes
Smith,53.1887422,18.14054705,No
Smith,41.86856231,25.24703251,Yes
Smith,39.53793704,87.62618269,Yes
Smith,3.579718555,31.95871323,Yes
Smith,37.20731177,20.11457079,Yes
Smith,56.18526041,51.69895063,Yes
Smith,6.576236762,60.77945983,Yes
Smith,43.53329465,24.85222777,No
Smith,12.23632671,53.27816962,Yes
Smith,32.87900769,18.5353518,Yes
Smith,5.57739736,58.41063134,Yes
Smith,54.1875816,18.14054705,Yes
Smith,14.23400551,67.8859453,No
Smith,10.57159437,85.65215895,Yes
